ID,PRIOR,PROB
1,,0.145
4,,0.142
6,,0.138
5,,0.137
2,,0.049
3,,0.034
27,,0.022
47,,0.022
67,,0.02
16,,0.017
56,,0.014
5/6,,0.014
37,,0.012
164,,0.012
57,,0.012
b7,,0.012
17,,0.008
5/5,,0.007
664,,0.007
464,,0.007
57/6,,0.006
46,,0.006
66,,0.006
564,,0.006
642,,0.004
26,,0.004
36,,0.004
56/6,,0.003
b6,,0.003
364,,0.003
b3,,0.003
265,,0.003
542,,0.003
b4,,0.003
365,,0.003
7,,0.002
264,,0.002
5/2,,0.002
57/2,,0.002
665,,0.002
57/5,,0.002
57/4,,0.002
242,,0.002
77,,0.001
5,1,0.252
4,1,0.182
6,1,0.1
2,1,0.06
56,1,0.048
3,1,0.038
16,1,0.022
164,1,0.021
b7,1,0.021
464,1,0.016
27,1,0.015
5/6,1,0.015
47,1,0.013
5/5,1,0.012
364,1,0.012
67,1,0.009
17,1,0.009
57,1,0.009
142,1,0.007
564,1,0.007
37,1,0.007
b3,1,0.006
57/6,1,0.005
b6,1,0.004
46,1,0.004
57/4,1,0.004
242,1,0.003
7,1,0.003
b4,1,0.003
L7,1,0.003
5/3,1,0.002
66,1,0.002
665,1,0.002
57/5,1,0.002
542/4,1,0.002
7/2,1,0.002
5/2,1,0.002
265,1,0.002
M17,1,0.002
36,1,0.002
b5,1,0.002
L27,1,0.001
542,1,0.001
M142,1,0.001
564/6,1,0.001
L242,1,0.001
26,1,0.001
1,4,0.289
5,4,0.288
6,4,0.096
2,4,0.048
3,4,0.044
16,4,0.036
5/6,4,0.021
47,4,0.01
27,4,0.01
67,4,0.009
164,4,0.009
b7,4,0.008
57,4,0.008
664,4,0.007
b4,4,0.007
464,4,0.007
46,4,0.005
37,4,0.005
542,4,0.005
7/5,4,0.004
442,4,0.004
5/5,4,0.004
57/6,4,0.003
56,4,0.003
b3,4,0.003
b6,4,0.003
564,4,0.002
365,4,0.002
26,4,0.002
36,4,0.002
7,4,0.002
56/5,4,0.002
265,4,0.001
56/6,4,0.001
L4,4,0.001
D3,4,0.001
165,4,0.001
b46,4,0.001
464/4,4,0.001
D47,4,0.001
77,4,0.001
L27,4,0.001
642,4,0.001
4,6,0.232
5,6,0.202
1,6,0.106
2,6,0.063
3,6,0.06
56,6,0.022
47,6,0.021
664,6,0.02
642,6,0.017
5/6,6,0.017
66,6,0.014
164,6,0.014
27,6,0.013
67,6,0.013
36,6,0.013
b7,6,0.01
16,6,0.01
46,6,0.009
56/6,6,0.009
5/5,6,0.008
57/6,6,0.007
37,6,0.007
26,6,0.005
b6,6,0.004
7,6,0.004
17,6,0.004
264,6,0.004
365,6,0.003
364,6,0.003
L7,6,0.003
464,6,0.002
57/5,6,0.002
565/6,6,0.002
564,6,0.002
665,6,0.002
265,6,0.002
543/6,6,0.002
57,6,0.002
5/3,6,0.001
D47,6,0.001
D6,6,0.001
57/4,6,0.001
6,5,0.26
1,5,0.211
4,5,0.205
2,5,0.064
3,5,0.04
67,5,0.02
27,5,0.014
47,5,0.013
b7,5,0.011
57,5,0.01
56,5,0.01
16,5,0.009
5/5,5,0.009
37,5,0.008
564,5,0.008
164,5,0.007
5/6,5,0.006
542,5,0.005
56/6,5,0.005
17,5,0.004
46,5,0.003
26,5,0.003
b6,5,0.002
464,5,0.002
36,5,0.002
565/6,5,0.002
265,5,0.002
57/6,5,0.002
56/5,5,0.002
5/2,5,0.002
664,5,0.001
b3,5,0.001
642,5,0.001
365,5,0.001
D3,5,0.001
L26,5,0.001
7,5,0.001
C5,5,0.001
b1,5,0.001
L4,5,0.001
L27,5,0.001
Y5,5,0.001
Y4,5,0.001
57/5,5,0.001
6,2,0.18
5,2,0.158
4,2,0.155
1,2,0.129
3,2,0.088
5/6,2,0.031
16,2,0.03
57,2,0.016
27,2,0.013
264,2,0.011
66,2,0.01
b7,2,0.01
242,2,0.008
26,2,0.008
57/6,2,0.008
464,2,0.008
564,2,0.007
664,2,0.007
56,2,0.007
37,2,0.007
67,2,0.006
47,2,0.005
b4,2,0.005
164,2,0.005
17,2,0.004
D3,2,0.003
5/2,2,0.003
265,2,0.002
77,2,0.002
342,2,0.002
b5,2,0.002
57/2,2,0.002
Y2,2,0.002
665,2,0.001
b3,2,0.001
56/6,2,0.001
7,2,0.001
7/3,2,0.001
56/2,2,0.001
543/2,2,0.001
b2,2,0.001
36,2,0.001
b77,2,0.001
4,3,0.326
6,3,0.264
2,3,0.081
5,3,0.077
1,3,0.049
47,3,0.02
67,3,0.02
27,3,0.016
5/5,3,0.014
36,3,0.007
364,3,0.006
5/6,3,0.006
26,3,0.005
37,3,0.005
b7,3,0.005
57,3,0.004
b3,3,0.004
L7,3,0.004
564,3,0.004
464,3,0.003
16,3,0.003
5/2,3,0.003
342,3,0.003
66,3,0.003
664,3,0.003
57/2,3,0.003
17,3,0.002
b4,3,0.002
56/3,3,0.002
542,3,0.002
5/3,3,0.002
165,3,0.002
4/3,3,0.002
D3,3,0.002
56/5,3,0.001
365,3,0.001
b57,3,0.001
M5,3,0.001
7/3,3,0.001
57/6,3,0.001
5/7,3,0.001
46,3,0.001
Y3,3,0.001
D47,3,0.001
b5,3,0.001
343,3,0.001
5,27,0.127
57,27,0.113
37,27,0.102
67,27,0.066
4,27,0.065
1,27,0.062
16,27,0.048
6,27,0.045
47,27,0.042
3,27,0.025
57/6,27,0.021
2,27,0.018
5/6,27,0.016
17,27,0.016
243,27,0.013
564,27,0.011
66,27,0.01
464,27,0.009
b7,27,0.007
56,27,0.007
265,27,0.006
665,27,0.006
543,27,0.006
442,27,0.006
242,27,0.006
664,27,0.005
164,27,0.005
77,27,0.005
342,27,0.004
365,27,0.004
36,27,0.003
643,27,0.003
b27,27,0.003
165,27,0.003
264,27,0.003
76,27,0.002
b165,27,0.002
Y27,27,0.002
M57,27,0.002
5,47,0.211
37,47,0.098
6,47,0.073
1,47,0.068
27,47,0.045
4,47,0.039
17,47,0.036
3,47,0.035
67,47,0.033
365,47,0.03
265,47,0.029
2,47,0.027
57/6,47,0.023
57,47,0.023
164,47,0.018
542,47,0.016
16,47,0.016
664,47,0.01
36,47,0.007
5/6,47,0.007
26,47,0.007
b47,47,0.006
77,47,0.005
564,47,0.004
443,47,0.004
165,47,0.004
56,47,0.004
642,47,0.004
b7,47,0.003
465,47,0.003
56/6,47,0.003
5/5,47,0.003
442,47,0.003
5/2,47,0.002
L77,47,0.002
b4,47,0.002
464,47,0.002
47/4,47,0.002
b465,47,0.002
b67,47,0.002
L27,47,0.002
57/5,47,0.002
5,67,0.146
4,67,0.095
27,67,0.094
37,67,0.056
6,67,0.054
47,67,0.054
1,67,0.049
164,67,0.027
2,67,0.025
3,67,0.015
642,67,0.015
17,67,0.014
57/5,67,0.013
56,67,0.013
16,67,0.012
57,67,0.011
365,67,0.01
5/5,67,0.01
b57,67,0.009
665,67,0.008
46,67,0.008
142,67,0.007
36,67,0.007
M57,67,0.006
L27,67,0.006
265,67,0.006
143,67,0.005
57/6,67,0.005
26,67,0.005
643,67,0.004
M17,67,0.004
5/6,67,0.004
D17,67,0.004
343,67,0.003
57/4,67,0.003
L77,67,0.003
L264,67,0.003
542,67,0.003
242,67,0.003
b7,67,0.003
D47,67,0.003
564,67,0.003
4,16,0.335
1,16,0.11
2,16,0.068
5,16,0.065
27,16,0.064
47,16,0.038
6,16,0.03
564,16,0.029
164,16,0.029
26,16,0.022
265,16,0.015
3,16,0.011
5/5,16,0.01
67,16,0.01
56,16,0.007
b4,16,0.006
57/5,16,0.006
b7,16,0.006
37,16,0.005
b16,16,0.005
543,16,0.005
66,16,0.005
L265,16,0.004
464,16,0.004
b3,16,0.004
D3,16,0.004
7/3,16,0.004
76,16,0.004
46,16,0.004
b6,16,0.003
C16,16,0.003
57/6,16,0.002
542,16,0.002
57/2,16,0.002
7,16,0.002
57,16,0.002
17,16,0.002
664,16,0.002
57/4,16,0.002
57/7,16,0.002
b47,16,0.001
5/6,16,0.001
D442,16,0.001
77/5,16,0.001
D16,16,0.001
6,56,0.275
1,56,0.271
5,56,0.064
4,56,0.063
46,56,0.045
67,56,0.039
2,56,0.034
66,56,0.024
564,56,0.02
b7,56,0.015
464,56,0.011
3,56,0.009
664,56,0.008
16,56,0.006
164,56,0.006
17,56,0.006
27,56,0.005
5/6,56,0.005
57,56,0.005
564/5,56,0.005
47,56,0.005
5/5,56,0.005
M77,56,0.004
37,56,0.004
Y56,56,0.003
26,56,0.003
b1,56,0.003
36,56,0.003
665,56,0.002
M56,56,0.002
264,56,0.002
56/2,56,0.002
542,56,0.002
56/6,56,0.001
57/4,56,0.001
L27,56,0.001
b56,56,0.001
b564,56,0.001
L7,56,0.001
364,56,0.001
243,56,0.001
6,5/6,0.507
4,5/6,0.17
2,5/6,0.032
1,5/6,0.029
57/6,5/6,0.026
56/6,5/6,0.019
564/6,5/6,0.019
27,5/6,0.017
664,5/6,0.015
67,5/6,0.014
66,5/6,0.013
47,5/6,0.012
5,5/6,0.011
3,5/6,0.008
5/2,5/6,0.007
542/6,5/6,0.006
17,5/6,0.006
5/5,5/6,0.005
26,5/6,0.004
46,5/6,0.004
565/2,5/6,0.004
M5,5/6,0.003
47/7,5/6,0.003
4/3,5/6,0.002
5/3,5/6,0.002
Y3,5/6,0.002
565/6,5/6,0.002
57/2,5/6,0.002
D47,5/6,0.002
7/5,5/6,0.001
37,5/6,0.001
36,5/6,0.001
7/2,5/6,0.001
b7,5/6,0.001
b2,5/6,0.001
642,5/6,0.001
b3,5/6,0.001
b1,5/6,0.001
57,5/6,0.001
77,5/6,0.001
L765,5/6,0.001
M37,5/6,0.001
67,37,0.146
6,37,0.144
47,37,0.134
4,37,0.108
27,37,0.107
5,37,0.03
3,37,0.025
57/2,37,0.025
1,37,0.016
2,37,0.013
b37,37,0.01
564,37,0.01
5/2,37,0.01
343,37,0.009
164,37,0.008
M57,37,0.008
C37,37,0.007
17,37,0.006
664,37,0.006
16,37,0.005
D3,37,0.005
D37,37,0.005
265,37,0.005
365,37,0.005
Y37,37,0.004
542,37,0.004
57/6,37,0.003
b3,37,0.003
565/5,37,0.003
165,37,0.003
57/5,37,0.003
5/5,37,0.003
b165,37,0.003
b57,37,0.002
66,37,0.002
642,37,0.002
M67,37,0.002
565/6,37,0.002
364,37,0.002
5/6,37,0.002
1,164,0.164
4,164,0.151
5,164,0.128
6,164,0.073
57,164,0.042
16,164,0.041
47,164,0.034
67,164,0.019
27,164,0.018
46,164,0.016
3,164,0.014
56,164,0.014
L26,164,0.011
b6,164,0.011
464,164,0.01
57/2,164,0.01
56/5,164,0.009
37,164,0.009
2,164,0.009
L4,164,0.007
265,164,0.007
5/5,164,0.006
56/6,164,0.006
542,164,0.006
564,164,0.006
77/5,164,0.005
26,164,0.005
142,164,0.005
642,164,0.005
565/6,164,0.004
664,164,0.004
7/5,164,0.004
66,164,0.004
C164,164,0.004
36,164,0.004
264,164,0.004
542/4,164,0.003
565/5,164,0.003
b46,164,0.003
5/2,164,0.003
L265,164,0.003
17,164,0.003
165,164,0.003
b57,164,0.003
364,164,0.002
365,164,0.002
1,57,0.374
5,57,0.067
17,57,0.056
4,57,0.042
542,57,0.042
6,57,0.039
67,57,0.039
27,57,0.035
164,57,0.03
37,57,0.018
2,57,0.015
665,57,0.014
16,57,0.012
642,57,0.011
47,57,0.011
543,57,0.01
365,57,0.01
57/4,57,0.01
3,57,0.009
M17,57,0.008
36,57,0.007
57/6,57,0.007
56/6,57,0.007
b7,57,0.007
Y57,57,0.005
D47,57,0.005
565,57,0.005
264,57,0.004
b57,57,0.004
b3,57,0.003
5/6,57,0.003
56,57,0.003
46,57,0.003
b67,57,0.002
7/5,57,0.002
b6,57,0.002
b1,57,0.002
M77,57,0.002
57/5,57,0.002
7,57,0.002
243,57,0.002
5/7,57,0.002
565/6,57,0.002
242,57,0.002
77,57,0.002
66,57,0.002
77/5,57,0.002
4,b7,0.227
1,b7,0.202
6,b7,0.111
5,b7,0.057
46,b7,0.047
b3,b7,0.034
2,b7,0.025
7,b7,0.015
b6,b7,0.014
L7,b7,0.012
464/4,b7,0.012
b1,b7,0.011
67,b7,0.011
5/2,b7,0.009
5/6,b7,0.008
264,b7,0.008
27,b7,0.007
57,b7,0.006
5/3,b7,0.006
57/6,b7,0.005
b5,b7,0.005
56,b7,0.005
D5,b7,0.005
M17,b7,0.004
b77,b7,0.004
47,b7,0.004
M1,b7,0.004
56/6,b7,0.004
5/5,b7,0.003
b2,b7,0.003
57/2,b7,0.003
464,b7,0.003
D3,b7,0.003
3,b7,0.003
M5,b7,0.003
D4,b7,0.003
Y5,b7,0.003
M142,b7,0.002
b17,b7,0.002
M57,b7,0.002
b67,b7,0.002
Y4,b7,0.002
D77,b7,0.002
47,17,0.15
1,17,0.084
27,17,0.068
4,17,0.059
67,17,0.056
6,17,0.041
464,17,0.036
57/4,17,0.035
37,17,0.032
5,17,0.028
143,17,0.021
2,17,0.021
L77,17,0.02
66,17,0.015
57/3,17,0.013
57/2,17,0.012
665,17,0.011
b57,17,0.01
57/6,17,0.01
47/4,17,0.01
164,17,0.01
77,17,0.009
3,17,0.009
642,17,0.008
5/5,17,0.007
M17,17,0.007
242,17,0.007
M77,17,0.006
b77,17,0.006
5/2,17,0.005
47/3,17,0.005
564,17,0.005
b67,17,0.005
5/6,17,0.005
b4,17,0.005
D17,17,0.004
b37,17,0.004
D47,17,0.003
M67,17,0.003
165,17,0.003
L27,17,0.003
D77,17,0.003
4,5/5,0.182
5,5/5,0.158
6,5/5,0.13
1,5/5,0.104
5/6,5/5,0.047
3,5/5,0.04
2,5/5,0.031
b4,5/5,0.02
67,5/5,0.019
5/2,5/5,0.017
57,5/5,0.016
b3,5/5,0.015
27,5/5,0.015
47,5/5,0.013
b7,5/5,0.011
564,5/5,0.01
66,5/5,0.01
57/5,5/5,0.009
56/5,5/5,0.008
36,5/5,0.007
56,5/5,0.007
L27,5/5,0.007
L242,5/5,0.005
56/3,5/5,0.005
L264,5/5,0.005
L5,5/5,0.004
37,5/5,0.004
L7,5/5,0.004
7/3,5/5,0.004
L1,5/5,0.004
464,5/5,0.003
16,5/5,0.003
542/5,5/5,0.003
5/3,5/5,0.003
b6,5/5,0.003
664,5/5,0.003
164,5/5,0.003
D47,5/5,0.003
565/3,5/5,0.003
542/6,5/5,0.003
L77,5/5,0.003
Y3,5/5,0.003
17,5/5,0.002
L6,5/5,0.002
Y2,5/5,0.002
564/6,5/5,0.002
C2,5/5,0.002
6,664,0.271
4,664,0.134
2,664,0.073
5/6,664,0.072
564,664,0.041
642,664,0.033
5,664,0.032
1,664,0.031
66,664,0.03
57/6,664,0.029
16,664,0.02
27,664,0.018
26,664,0.017
464,664,0.015
47,664,0.013
164,664,0.009
36,664,0.008
56/6,664,0.007
5/5,664,0.006
3,664,0.006
7/3,664,0.005
46,664,0.005
77,664,0.005
56,664,0.004
365,664,0.004
464/5,664,0.004
5/3,664,0.004
264,664,0.004
37,664,0.004
5/2,664,0.003
67,664,0.003
364,664,0.003
56/3,664,0.003
b7,664,0.003
265,664,0.003
M66,664,0.002
D47,664,0.002
D6,664,0.002
7/5,664,0.002
143,664,0.002
1,464,0.349
5,464,0.089
4,464,0.076
564,464,0.056
17,464,0.046
6,464,0.043
2,464,0.033
56,464,0.022
27,464,0.022
46,464,0.018
164,464,0.016
565,464,0.015
b464,464,0.014
443,464,0.012
364,464,0.011
57,464,0.009
264,464,0.008
564/6,464,0.008
47,464,0.007
57/4,464,0.007
M17,464,0.007
26,464,0.007
77,464,0.006
5/6,464,0.006
7,464,0.006
16,464,0.006
67,464,0.006
b4,464,0.005
b7,464,0.005
3,464,0.004
66,464,0.004
C464,464,0.004
L4,464,0.004
57/3,464,0.003
442,464,0.003
46/4,464,0.003
242,464,0.002
L242,464,0.002
M4,464,0.002
b1,464,0.002
664,464,0.002
b77,464,0.002
243,464,0.001
6,57/6,0.451
67,57/6,0.147
4,57/6,0.115
47,57/6,0.02
565/6,57/6,0.019
2,57/6,0.018
57/2,57/6,0.017
D47,57/6,0.016
5/6,57/6,0.015
664,57/6,0.012
27,57/6,0.012
D442,57/6,0.01
542/6,57/6,0.008
1,57/6,0.007
37,57/6,0.007
D26,57/6,0.007
56/6,57/6,0.005
543/6,57/6,0.005
3,57/6,0.005
265,57/6,0.005
M57,57/6,0.004
5,57/6,0.004
b7,57/6,0.004
b47,57/6,0.003
26,57/6,0.003
7,57/6,0.003
57/5,57/6,0.003
M3,57/6,0.003
L242,57/6,0.003
565/2,57/6,0.003
b77,57/6,0.003
66,57/6,0.002
564,57/6,0.002
443/3,57/6,0.002
57,57/6,0.002
M37,57/6,0.002
7/3,57/6,0.002
565/3,57/6,0.002
D67,57/6,0.002
D77,57/6,0.002
M56,57/6,0.002
D4,57/6,0.002
L77,57/6,0.002
17,57/6,0.001
Y37,57/6,0.001
b37,57/6,0.001
6,46,0.126
56,46,0.106
5,46,0.105
164,46,0.096
1,46,0.096
4,46,0.069
b46,46,0.05
464,46,0.029
b6,46,0.029
b7,46,0.029
L46,46,0.028
36,46,0.02
57,46,0.017
2,46,0.016
16,46,0.016
67,46,0.013
27,46,0.01
264,46,0.01
3,46,0.007
L264,46,0.007
b5,46,0.006
565,46,0.006
b465,46,0.006
664,46,0.005
47,46,0.005
564,46,0.005
M57,46,0.005
5/5,46,0.005
C67,46,0.004
5/6,46,0.004
365,46,0.004
C465,46,0.004
56/6,46,0.003
7,46,0.003
76/5,46,0.003
542/2,46,0.003
542/3,46,0.003
77,46,0.003
66,46,0.003
76,46,0.002
442,46,0.001
D37,46,0.001
56/2,46,0.001
343,46,0.001
665,46,0.001
564/4,46,0.001
6,66,0.138
4,66,0.098
2,66,0.077
56,66,0.056
1,66,0.045
664,66,0.043
364,66,0.042
5,66,0.032
564/6,66,0.032
5/6,66,0.028
564,66,0.023
27,66,0.021
3,66,0.02
56/6,66,0.017
67,66,0.016
77,66,0.016
464,66,0.015
7,66,0.014
Y2,66,0.012
642,66,0.011
36,66,0.01
M76,66,0.01
16,66,0.01
5/5,66,0.01
b7,66,0.009
47,66,0.009
57/3,66,0.009
26,66,0.008
164,66,0.008
56/2,66,0.008
76/6,66,0.008
17,66,0.007
142,66,0.006
665,66,0.006
37,66,0.005
46,66,0.005
D47,66,0.005
643,66,0.004
57/5,66,0.004
143,66,0.003
565,66,0.003
7/2,66,0.003
542/5,66,0.003
57/4,66,0.003
47/4,66,0.003
1,564,0.166
5,564,0.108
6,564,0.101
4,564,0.08
2,564,0.073
16,564,0.052
664,564,0.051
3,564,0.032
27,564,0.03
464,564,0.028
56,564,0.027
364,564,0.02
66,564,0.018
564/6,564,0.015
542,564,0.015
37,564,0.013
543,564,0.01
47,564,0.01
46,564,0.01
67,564,0.009
17,564,0.008
164,564,0.007
D464,564,0.006
665,564,0.006
5/6,564,0.006
5/5,564,0.006
57/5,564,0.005
b3,564,0.005
b564,564,0.005
56/5,564,0.005
b7,564,0.004
56/3,564,0.003
77,564,0.003
M76,564,0.003
56/6,564,0.003
5/2,564,0.003
564,564,0.003
47/4,564,0.002
Y3,564,0.002
7/2,564,0.002
76,564,0.002
M5,564,0.002
342,564,0.002
Y66,564,0.002
b47,564,0.002
46/4,564,0.002
4,642,0.19
6,642,0.175
47,642,0.079
27,642,0.038
67,642,0.036
5,642,0.034
1,642,0.028
664,642,0.027
57,642,0.024
2,642,0.023
56/5,642,0.023
164,642,0.015
26,642,0.014
L4,642,0.014
643,642,0.013
3,642,0.013
37,642,0.012
L265,642,0.011
665,642,0.011
36,642,0.009
C3,642,0.008
77/5,642,0.008
L26,642,0.008
265,642,0.008
565/5,642,0.006
543,642,0.006
17,642,0.006
7,642,0.006
365,642,0.005
143,642,0.005
b7,642,0.004
542/2,642,0.004
542,642,0.004
66,642,0.004
57/4,642,0.004
443,642,0.003
46/6,642,0.003
16,642,0.003
b67,642,0.003
5/5,642,0.003
564/3,642,0.002
D47,642,0.002
C4,642,0.002
L764,642,0.002
56,642,0.002
5,26,0.17
2,26,0.096
4,26,0.087
6,26,0.074
1,26,0.06
164,26,0.045
5/6,26,0.033
16,26,0.031
3,26,0.029
57,26,0.028
36,26,0.026
664,26,0.025
7/5,26,0.022
47,26,0.021
57/6,26,0.019
66,26,0.017
564/2,26,0.013
27,26,0.012
264,26,0.012
67,26,0.01
543/2,26,0.008
464,26,0.008
56/2,26,0.007
D47,26,0.007
76/2,26,0.006
77,26,0.005
56/6,26,0.004
564,26,0.004
542,26,0.004
565/2,26,0.004
565/6,26,0.004
5/2,26,0.004
265,26,0.004
b5,26,0.004
565/5,26,0.003
5/5,26,0.003
L4,26,0.003
M77,26,0.003
L564,26,0.003
242,26,0.003
243,26,0.003
7/3,26,0.002
542/2,26,0.002
4,36,0.184
6,36,0.166
47,36,0.086
5,36,0.056
L26,36,0.05
2,36,0.043
3,36,0.036
1,36,0.034
57,36,0.026
26,36,0.023
L764,36,0.018
27,36,0.017
46,36,0.016
364,36,0.015
67,36,0.014
37,36,0.014
542,36,0.011
5/6,36,0.011
L265,36,0.009
56/6,36,0.009
66,36,0.008
5/2,36,0.008
443,36,0.007
164,36,0.006
565/6,36,0.005
342,36,0.004
542/3,36,0.004
265,36,0.004
664,36,0.004
5/5,36,0.004
564/3,36,0.004
17,36,0.004
564,36,0.003
L4,36,0.002
543,36,0.002
543/3,36,0.002
C1,36,0.002
57/2,36,0.002
b5,36,0.002
465,36,0.002
6,56/6,0.537
164,56/6,0.084
5,56/6,0.051
642,56/6,0.046
5/6,56/6,0.043
4,56/6,0.028
542/2,56/6,0.017
57/6,56/6,0.014
M5,56/6,0.013
564/6,56/6,0.013
1,56/6,0.013
67,56/6,0.013
565/6,56/6,0.011
47,56/6,0.011
664,56/6,0.01
36,56/6,0.008
46,56/6,0.006
264,56/6,0.005
365,56/6,0.005
5/2,56/6,0.004
57,56/6,0.004
Y5,56/6,0.003
56/5,56/6,0.003
565/2,56/6,0.003
5/5,56/6,0.003
M36,56/6,0.003
543/4,56/6,0.003
77,56/6,0.003
M143,56/6,0.003
L7,56/6,0.003
C1,56/6,0.003
7/5,56/6,0.002
L27,56/6,0.002
2,56/6,0.002
D47,56/6,0.002
L26,56/6,0.001
265,56/6,0.001
4/3,56/6,0.001
b7,b6,0.28
1,b6,0.149
5,b6,0.131
6,b6,0.066
b4,b6,0.042
b3,b6,0.041
164,b6,0.039
4,b6,0.036
b5,b6,0.021
5/2,b6,0.019
Y2,b6,0.015
3,b6,0.011
b56,b6,0.01
b1,b6,0.008
D3,b6,0.008
16,b6,0.006
5/3,b6,0.006
5/6,b6,0.006
Y3,b6,0.006
b57,b6,0.004
2,b6,0.004
5/5,b6,0.004
b26,b6,0.004
b565,b6,0.004
C6,b6,0.003
642,b6,0.003
57,b6,0.003
Y7,b6,0.003
664,b6,0.003
b67,b6,0.003
b77,b6,0.003
67,b6,0.003
C57,b6,0.002
D6,b6,0.002
D5,b6,0.002
564/6,b6,0.001
D4,b6,0.001
L26,b6,0.001
b465,b6,0.001
L27,b6,0.001
56,b6,0.001
56/6,b6,0.001
6,364,0.32
1,364,0.101
3,364,0.091
4,364,0.083
66,364,0.035
b7,364,0.028
464,364,0.026
47,364,0.025
5,364,0.018
2,364,0.016
67,364,0.015
564,364,0.014
665,364,0.012
343,364,0.012
M142,364,0.01
D464,364,0.01
57/3,364,0.009
264,364,0.009
664,364,0.009
46,364,0.008
57/6,364,0.008
5/6,364,0.008
56,364,0.008
b56,364,0.008
342,364,0.007
5/3,364,0.007
465,364,0.006
L77,364,0.006
37,364,0.004
b4,364,0.003
543/2,364,0.003
57/5,364,0.003
17,364,0.003
D142,364,0.003
142,364,0.003
16,364,0.003
77,364,0.003
265,364,0.003
27,364,0.002
5/2,364,0.002
26,364,0.001
56/3,364,0.001
4,b3,0.237
b7,b3,0.119
1,b3,0.112
b6,b3,0.063
2,b3,0.06
5,b3,0.053
5/5,b3,0.047
Y2,b3,0.035
b76,b3,0.026
b5,b3,0.018
b4,b3,0.014
3,b3,0.014
b1,b3,0.014
Y76,b3,0.011
b37,b3,0.01
27,b3,0.01
b2,b3,0.009
57/6,b3,0.008
564,b3,0.007
57,b3,0.006
D4,b3,0.006
b66,b3,0.006
D47,b3,0.006
543,b3,0.006
C5,b3,0.006
D76,b3,0.005
M2,b3,0.005
b67,b3,0.005
6,b3,0.003
16,b3,0.003
M143,b3,0.003
67,b3,0.003
b36,b3,0.003
56/3,b3,0.003
b27,b3,0.003
565/4,b3,0.003
Y77,b3,0.003
M3,b3,0.003
D3,b3,0.002
Y6,b3,0.002
M37,b3,0.002
L76,b3,0.002
b442,b3,0.002
5/6,b3,0.001
5,265,0.157
1,265,0.138
47,265,0.08
4,265,0.067
3,265,0.051
6,265,0.048
57,265,0.04
365,265,0.031
37,265,0.028
164,265,0.023
16,265,0.023
27,265,0.022
67,265,0.018
643,265,0.014
665,265,0.014
2,265,0.014
5/6,265,0.012
57/6,265,0.012
664,265,0.01
36,265,0.01
17,265,0.01
243,265,0.008
46,265,0.005
565/5,265,0.005
26,265,0.005
M77,265,0.005
b67,265,0.004
b7,265,0.003
D77,265,0.003
542,265,0.003
7,265,0.003
464,265,0.003
b4,265,0.003
56,265,0.003
165,265,0.003
b3,265,0.003
L26,265,0.003
242,265,0.003
16,542,0.189
57,542,0.143
5,542,0.122
37,542,0.118
4,542,0.088
1,542,0.066
47,542,0.055
3,542,0.044
6,542,0.021
164,542,0.012
67,542,0.01
543,542,0.01
7/5,542,0.009
M37,542,0.009
2,542,0.008
5/6,542,0.008
b6,542,0.006
642,542,0.006
27,542,0.005
643,542,0.004
17,542,0.003
b16,542,0.003
464,542,0.003
56,542,0.003
b3,542,0.003
b47,542,0.003
46,542,0.003
56/6,542,0.003
265,542,0.003
M3,542,0.003
57/6,542,0.003
36,542,0.002
D565,542,0.001
664,542,0.001
564,542,0.001
L27,542,0.001
57/5,542,0.001
1,b4,0.395
5,b4,0.079
16,b4,0.038
b7,b4,0.038
2,b4,0.037
6,b4,0.033
b2,b4,0.029
3,b4,0.028
4,b4,0.022
164,b4,0.02
b5,b4,0.02
b464,b4,0.02
17,b4,0.02
67,b4,0.015
b442,b4,0.014
b1,b4,0.013
57,b4,0.01
b3,b4,0.01
37,b4,0.01
b77,b4,0.008
L7,b4,0.007
b36,b4,0.007
165,b4,0.007
b26,b4,0.007
b57,b4,0.007
Y77,b4,0.007
b47,b4,0.007
b164,b4,0.007
27,b4,0.006
b46,b4,0.004
Y2,b4,0.003
5/5,b4,0.003
465,b4,0.003
664,b4,0.003
365,b4,0.003
4/3,b4,0.003
C67,b4,0.003
b27,b4,0.003
364,b4,0.003
143,b4,0.003
5/6,b4,0.003
b16,b4,0.002
b565,b4,0.002
565/6,b4,0.002
6,365,0.176
47,365,0.132
37,365,0.083
5,365,0.076
67,365,0.065
4,365,0.063
27,365,0.044
265,365,0.04
1,365,0.034
57,365,0.026
565/6,365,0.022
2,365,0.022
542/2,365,0.014
17,365,0.012
26,365,0.011
164,365,0.008
3,365,0.007
665,365,0.007
b57,365,0.007
57/2,365,0.007
465,365,0.006
343,365,0.006
56/6,365,0.006
5/6,365,0.005
b7,365,0.005
M77,365,0.004
66,365,0.003
564/6,365,0.003
542,365,0.003
5/2,365,0.003
L764,365,0.003
L57,365,0.003
543/5,365,0.003
565/5,365,0.003
46,365,0.003
7/3,365,0.003
D47,365,0.003
543/2,365,0.003
36,365,0.001
b67,365,0.001
5/5,365,0.001
1,7,0.234
6,7,0.218
5/6,7,0.072
5,7,0.05
4,7,0.044
3,7,0.035
57/6,7,0.034
b7,7,0.023
7/7,7,0.022
67,7,0.015
66,7,0.015
b1,7,0.014
37,7,0.013
D6,7,0.012
C164,7,0.012
665,7,0.011
56/6,7,0.011
76,7,0.011
16,7,0.011
36,7,0.011
77,7,0.009
464,7,0.008
664,7,0.008
C1,7,0.008
47,7,0.007
2,7,0.007
642,7,0.004
57,7,0.004
27,7,0.004
56,7,0.004
164,7,0.004
57/4,7,0.004
M17,7,0.003
M3,7,0.002
M77,7,0.002
17,7,0.002
7/3,7,0.001
b2,7,0.001
6,264,0.199
5,264,0.106
2,264,0.066
242,264,0.066
1,264,0.05
164,264,0.04
67,264,0.037
57,264,0.03
4,264,0.028
66,264,0.027
56/6,264,0.025
5/2,264,0.024
26,264,0.022
36,264,0.022
464,264,0.02
364,264,0.016
56,264,0.016
27,264,0.015
57/2,264,0.013
b7,264,0.011
7,264,0.01
5/6,264,0.01
16,264,0.009
56/2,264,0.007
37,264,0.007
57/3,264,0.005
564/6,264,0.004
4/3,264,0.004
5/5,264,0.004
565/6,264,0.004
76,264,0.004
b76,264,0.004
46,264,0.004
L3,264,0.004
265,264,0.004
57/5,264,0.004
b47,264,0.003
77,264,0.002
57/4,264,0.001
76/3,264,0.001
2,5/2,0.271
4,5/2,0.088
27,5/2,0.079
5/5,5/2,0.069
1,5/2,0.062
264,5/2,0.047
5,5/2,0.045
56/2,5/2,0.032
b7,5/2,0.03
47,5/2,0.028
17,5/2,0.027
57/2,5/2,0.022
564/2,5/2,0.022
6,5/2,0.019
57/5,5/2,0.012
D2,5/2,0.012
564/5,5/2,0.012
56,5/2,0.012
b6,5/2,0.009
47/2,5/2,0.007
5/3,5/2,0.006
37,5/2,0.004
b56,5/2,0.004
3,5/2,0.004
4/2,5/2,0.004
67,5/2,0.004
5/6,5/2,0.004
565/2,5/2,0.004
b27,5/2,0.004
542/2,5/2,0.004
b1,5/2,0.004
66,5/2,0.003
L264,5/2,0.003
L26,5/2,0.002
L742,5/2,0.002
26,5/2,0.001
57/6,5/2,0.001
57,5/2,0.001
2,57/2,0.26
27,57/2,0.235
57/5,57/2,0.092
4,57/2,0.071
6,57/2,0.046
543/2,57/2,0.028
5/5,57/2,0.024
5/2,57/2,0.022
26,57/2,0.019
L27,57/2,0.013
b7,57/2,0.013
565/2,57/2,0.013
47,57/2,0.012
264,57/2,0.01
3,57/2,0.008
D2,57/2,0.008
76/5,57/2,0.008
77,57/2,0.008
1,57/2,0.007
D3,57/2,0.004
242,57/2,0.004
164,57/2,0.004
C67,57/2,0.004
5,57/2,0.004
37,57/2,0.004
L77,57/2,0.004
542/2,57/2,0.004
265,57/2,0.004
542/3,57/2,0.003
M27,57/2,0.003
M67,57/2,0.003
342,57/2,0.003
b27,57/2,0.003
57,57/2,0.003
b77,57/2,0.002
543,57/2,0.001
6,6/6,0.648
5,6/6,0.058
67,6/6,0.051
4,6/6,0.035
2,6/6,0.029
264,6/6,0.024
1,6/6,0.024
5/6,6/6,0.018
57/6,6/6,0.016
57/2,6/6,0.009
46,6/6,0.008
56/6,6/6,0.008
37,6/6,0.007
b57,6/6,0.006
76/6,6/6,0.005
664,6/6,0.005
57,6/6,0.004
7/5,6/6,0.004
565/5,6/6,0.004
565/6,6/6,0.004
47,6/6,0.004
542/2,6/6,0.004
Y5,6/6,0.004
D67,6/6,0.004
D6,6/6,0.002
5/2,6/6,0.001
b6,6/6,0.001
4/7,6/6,0.001
564/6,6/6,0.001
5,665,0.119
1,665,0.089
2,665,0.074
27,665,0.049
67,665,0.043
642,665,0.035
4,665,0.035
56,665,0.035
3,665,0.032
17,665,0.032
6,665,0.031
47,665,0.028
265,665,0.027
57,665,0.023
16,665,0.022
7,665,0.017
565/2,665,0.017
37,665,0.015
464,665,0.015
164,665,0.013
57/2,665,0.01
77,665,0.009
643,665,0.009
D47,665,0.009
L56,665,0.009
b37,665,0.009
M77,665,0.007
L27,665,0.006
57/5,665,0.006
M542,665,0.006
46,665,0.005
36,665,0.005
7/2,665,0.005
5/3,665,0.004
4/2,665,0.004
b464,665,0.004
5/6,665,0.004
143,665,0.004
L264,665,0.004
5/5,665,0.004
Y27,665,0.004
57,57/5,0.263
5,57/5,0.218
4,57/5,0.088
27,57/5,0.05
1,57/5,0.044
543/5,57/5,0.04
37,57/5,0.034
564,57/5,0.025
57/2,57/5,0.022
L57,57/5,0.02
5/5,57/5,0.016
47,57/5,0.014
164,57/5,0.013
6,57/5,0.01
b5,57/5,0.01
M5,57/5,0.009
565/5,57/5,0.009
b77,57/5,0.008
67,57/5,0.008
5/6,57/5,0.007
56,57/5,0.007
b57,57/5,0.005
2,57/5,0.005
b27,57/5,0.005
643,57/5,0.005
b4,57/5,0.005
b6,57/5,0.005
36,57/5,0.005
D47,57/5,0.005
b47,57/5,0.005
D4,57/5,0.005
7/3,57/5,0.005
665,57/5,0.005
Y57,57/5,0.004
C67,57/5,0.004
b7,57/5,0.004
Y3,57/5,0.003
M4,57/5,0.002
7/5,57/5,0.001
4,57/4,0.533
47,57/4,0.218
464,57/4,0.078
1,57/4,0.015
27,57/4,0.012
57,57/4,0.011
D47,57/4,0.01
26,57/4,0.01
D4,57/4,0.01
16,57/4,0.01
364,57/4,0.008
b47,57/4,0.007
2,57/4,0.006
57/2,57/4,0.006
57/3,57/4,0.005
3,57/4,0.005
67,57/4,0.005
b4,57/4,0.005
76,57/4,0.005
443,57/4,0.005
Y77,57/4,0.005
46,57/4,0.004
665,57/4,0.003
5/3,57/4,0.002
b77,57/4,0.002
17,57/4,0.001
C57,57/4,0.001
1,242,0.232
2,242,0.122
77,242,0.066
b7,242,0.047
17,242,0.043
27,242,0.042
6,242,0.036
56,242,0.036
264,242,0.03
57,242,0.027
565,242,0.026
b17,242,0.024
5,242,0.022
7,242,0.02
4,242,0.018
543,242,0.018
164,242,0.016
47,242,0.016
16,242,0.014
265,242,0.011
665,242,0.011
3,242,0.011
564/6,242,0.011
C1,242,0.007
26,242,0.006
Y77,242,0.006
b3,242,0.005
364,242,0.005
b464,242,0.005
76/6,242,0.005
542,242,0.005
464,242,0.005
b66,242,0.004
M17,242,0.003
57/6,242,0.002
57/6,77,0.234
5/6,77,0.146
66,77,0.068
1,77,0.052
4,77,0.037
6,77,0.034
3,77,0.03
664,77,0.03
665,77,0.026
27,77,0.024
37,77,0.023
5,77,0.023
56/6,77,0.018
b7,77,0.018
67,77,0.012
M565,77,0.012
242,77,0.012
365,77,0.012
17,77,0.01
442,77,0.009
57,77,0.009
M77,77,0.009
564/6,77,0.007
443,77,0.006
M443,77,0.006
b57,77,0.006
76,77,0.006
464,77,0.006
264,77,0.006
D6,77,0.006
76/6,77,0.006
56,77,0.006
47/4,77,0.006
643,77,0.006
b27,77,0.006
7,77,0.006
Y7,77,0.005
L7,77,0.002
M17,77,0.001
6,142,0.383
67,142,0.209
1,142,0.096
4,142,0.054
542/4,142,0.051
M142,142,0.035
5,142,0.02
66,142,0.02
27,142,0.018
46,142,0.013
17,142,0.013
665,142,0.013
364,142,0.006
57/2,142,0.006
542/3,142,0.006
16,142,0.006
565,142,0.006
365,142,0.006
47,142,0.006
143,142,0.006
164,142,0.003
243,142,0.003
56,142,0.001
1,L7,0.21
5/6,L7,0.121
6,L7,0.095
Y7,L7,0.075
b7,L7,0.059
4,L7,0.05
2,L7,0.047
3,L7,0.041
5/3,L7,0.038
47,L7,0.022
664,L7,0.022
5/5,L7,0.02
76,L7,0.02
b4,L7,0.018
5,L7,0.018
b1,L7,0.015
56,L7,0.013
4/7,L7,0.013
L764,L7,0.013
L76,L7,0.011
5/2,L7,0.011
17,L7,0.011
57/6,L7,0.008
56/2,L7,0.007
Y1,L7,0.007
57/3,L7,0.007
56/7,L7,0.007
665,L7,0.007
Y37,L7,0.005
27,L7,0.004
5/7,L7,0.004
3,5/3,0.178
5/6,5/3,0.158
1,5/3,0.141
b7,5/3,0.087
6,5/3,0.055
5,5/3,0.051
57/6,5/3,0.043
4,5/3,0.037
57/3,5/3,0.026
36,5/3,0.024
364,5/3,0.024
564/3,5/3,0.019
56/3,5/3,0.019
37,5/3,0.016
76,5/3,0.013
C5,5/3,0.01
565/3,5/3,0.008
564/6,5/3,0.008
5/5,5/3,0.008
L7,5/3,0.008
26,5/3,0.008
M37,5/3,0.008
47/4,5/3,0.006
56/5,5/3,0.005
5/2,5/3,0.003
D6,5/3,0.003
665,5/3,0.003
46,542/4,0.463
4,542/4,0.163
67,542/4,0.074
57/2,542/4,0.053
6,542/4,0.049
b67,542/4,0.042
D3,542/4,0.035
57/5,542/4,0.018
Y6,542/4,0.018
b465,542/4,0.018
D67,542/4,0.018
5/2,542/4,0.018
16,542/4,0.011
1,542/4,0.004
2,7/2,0.372
27,7/2,0.259
1,7/2,0.076
6,7/2,0.054
L77,7/2,0.035
57/2,7/2,0.032
242,7/2,0.028
7,7/2,0.019
565/2,7/2,0.016
5/5,7/2,0.016
264,7/2,0.016
564,7/2,0.016
56/2,7/2,0.016
L765,7/2,0.016
57,7/2,0.013
4,7/2,0.009
5,7/2,0.009
4,M17,0.248
1,M17,0.08
27,M17,0.074
464,M17,0.048
D47,M17,0.042
b7,M17,0.038
17,M17,0.032
b4,M17,0.03
242,M17,0.03
5,M17,0.026
47,M17,0.024
164,M17,0.02
57,M17,0.02
665,M17,0.02
2,M17,0.02
M77,M17,0.018
6,M17,0.016
Y37,M17,0.016
M165,M17,0.014
Y5,M17,0.01
5/5,M17,0.01
D37,M17,0.01
7/2,M17,0.01
76,M17,0.01
M47,M17,0.01
b46,M17,0.01
67,M17,0.01
76/5,M17,0.01
M1,M17,0.01
D57,M17,0.01
L27,M17,0.008
66,M17,0.004
57/4,M17,0.004
M27,M17,0.002
b1,M17,0.002
L7,M17,0.002
4,b5,0.176
2,b5,0.095
1,b5,0.094
57/4,b5,0.069
b3,b5,0.063
b2,b5,0.055
b1,b5,0.034
5,b5,0.033
26,b5,0.026
b6,b5,0.023
57,b5,0.021
542/2,b5,0.021
b564,b5,0.021
C5,b5,0.019
b4,b5,0.014
565/5,b5,0.014
b57,b5,0.014
L4,b5,0.014
b37,b5,0.012
5/5,b5,0.011
b7,b5,0.01
D164,b5,0.007
7/4,b5,0.007
Y1,b5,0.007
Y5,b5,0.007
3,b5,0.007
5/2,b5,0.007
C3,b5,0.007
67,b5,0.007
b36,b5,0.007
27,b5,0.007
56/5,b5,0.007
57/2,b5,0.007
Y2,b5,0.007
M57,b5,0.006
16,b5,0.006
6,b5,0.006
b46,b5,0.006
M37,b5,0.006
165,b5,0.001
164,b5,0.001
57/6,b5,0.001
4,L27,0.195
1,L27,0.125
6,L27,0.081
57,L27,0.059
5,L27,0.052
5/6,L27,0.042
27,L27,0.034
57/3,L27,0.034
47,L27,0.029
5/5,L27,0.027
L243,L27,0.025
265,L27,0.022
Y27,L27,0.02
47/4,L27,0.017
L76,L27,0.017
57/6,L27,0.015
M77,L27,0.012
7/3,L27,0.012
b7,L27,0.012
67,L27,0.01
b46,L27,0.008
664,L27,0.008
D47,L27,0.008
L265,L27,0.008
L77,L27,0.008
2,L27,0.008
57/4,L27,0.008
342,L27,0.008
Y76,L27,0.005
b57,L27,0.003
L3,L27,0.002
37,L27,0.002
46,M142,0.158
4,M142,0.142
67,M142,0.113
6,M142,0.089
b46,M142,0.04
57/2,M142,0.04
M77,M142,0.036
b7,M142,0.032
243,M142,0.028
1,M142,0.024
Y56,M142,0.02
66,M142,0.02
L27,M142,0.02
D67,M142,0.02
b67,M142,0.02
47,M142,0.02
56/6,M142,0.02
16,M142,0.02
M164,M142,0.004
6,564/6,0.436
5/6,564/6,0.162
66,564/6,0.103
2,564/6,0.07
56/6,564/6,0.03
4,564/6,0.024
542/6,564/6,0.022
16,564/6,0.016
b7,564/6,0.016
1,564/6,0.016
67,564/6,0.014
5/2,564/6,0.014
464,564/6,0.013
77,564/6,0.008
543/6,564/6,0.008
b1,564/6,0.008
364,564/6,0.006
264,564/6,0.005
565/6,564/6,0.003
46,564/6,0.003
5,564/6,0.003
56/3,564/6,0.003
56/2,564/6,0.002
5/5,L242,0.104
1,L242,0.104
4,L242,0.082
242,L242,0.082
L77,L242,0.071
3,L242,0.055
L264,L242,0.055
76/6,L242,0.055
M242,L242,0.055
665,L242,0.044
56,L242,0.027
17,L242,0.027
b17,L242,0.027
464,L242,0.022
b77,L242,0.016
5,7/5,0.332
164,7/5,0.154
4,7/5,0.151
57,7/5,0.088
1,7/5,0.035
6,7/5,0.027
642,7/5,0.024
3,7/5,0.016
56,7/5,0.016
46,7/5,0.011
5/6,7/5,0.01
565/6,7/5,0.008
365,7/5,0.008
264,7/5,0.008
2,7/5,0.008
77/5,7/5,0.008
D47,7/5,0.008
57/3,7/5,0.008
27,7/5,0.008
57/6,7/5,0.008
16,7/5,0.008
5/3,7/5,0.008
Y57,7/5,0.008
b4,7/5,0.006
542,7/5,0.005
L365,7/5,0.003
L5,7/5,0.003
543/3,7/5,0.002
2,442,0.277
27,442,0.133
4,442,0.108
D442,442,0.062
6,442,0.062
47,442,0.062
1,442,0.052
67,442,0.052
564,442,0.021
D47,442,0.021
5/6,442,0.017
37,442,0.015
5,442,0.01
643,442,0.01
77,442,0.01
76,442,0.01
57/6,442,0.01
664,442,0.004
5/2,442,0.002
5,56/5,0.473
4,56/5,0.094
5/5,56/5,0.086
6,56/5,0.054
164,56/5,0.036
56/2,56/5,0.031
57,56/5,0.027
66,56/5,0.018
5/6,56/5,0.018
565/5,56/5,0.018
3,56/5,0.016
57/5,56/5,0.016
27,56/5,0.013
D16,56/5,0.009
b3,56/5,0.009
542,56/5,0.009
D5,56/5,0.009
M5,56/5,0.009
56,56/5,0.007
47,56/5,0.007
26,56/5,0.007
1,56/5,0.004
56/6,56/5,0.002
4,L4,0.371
6,L4,0.091
164,L4,0.064
5,L4,0.059
2,L4,0.034
56/6,L4,0.029
57,L4,0.027
26,L4,0.025
b46,L4,0.025
1,L4,0.022
b4,L4,0.017
5/6,L4,0.015
D164,L4,0.012
b5,L4,0.012
47,L4,0.012
L27,L4,0.012
L3,L4,0.012
L7,L4,0.01
565/3,L4,0.01
b47,L4,0.007
643,L4,0.005
D67,L4,0.005
57/3,L4,0.005
664,L4,0.005
5/3,L4,0.002
4,D3,0.357
1,D3,0.114
5,D3,0.088
3,D3,0.081
b1,D3,0.06
2,D3,0.047
6,D3,0.044
b7,D3,0.041
D4,D3,0.018
464,D3,0.016
b6,D3,0.016
D5,D3,0.013
M5,D3,0.01
26,D3,0.01
D77,D3,0.01
57,D3,0.008
M4,D3,0.008
56/4,D3,0.008
17,D3,0.008
27,D3,0.008
264,D3,0.008
D37,D3,0.003
D76,D3,0.003
364,D3,0.003
5/6,D3,0.003
5/2,D3,0.002
4,165,0.233
6,165,0.152
67,165,0.132
47,165,0.12
3,165,0.043
27,165,0.038
1,165,0.036
16,165,0.034
b165,165,0.021
56,165,0.021
265,165,0.015
b7,165,0.013
143,165,0.011
364,165,0.011
164,165,0.011
D17,165,0.011
46,165,0.011
77/4,165,0.009
L27,165,0.009
b4,165,0.009
56/6,165,0.006
L77,165,0.002
365,165,0.002
164,b46,0.257
6,b46,0.152
1,b46,0.123
5,b46,0.105
57,b46,0.063
b4,b46,0.03
36,b46,0.026
M143,b46,0.018
67,b46,0.018
4,b46,0.016
b56,b46,0.014
464,b46,0.01
M142,b46,0.01
16,b46,0.01
b77,b46,0.01
3,b46,0.008
7/5,b46,0.008
b36,b46,0.006
b7,b46,0.006
b6,b46,0.004
5/6,b46,0.004
2,b46,0.004
56/4,b46,0.002
4,464/4,0.426
5,464/4,0.338
D47,464/4,0.063
6,464/4,0.055
464,464/4,0.042
442,464/4,0.034
M47,464/4,0.021
66,464/4,0.021
1,D47,0.201
57/6,D47,0.075
5/6,D47,0.066
6,D47,0.065
L27,D47,0.059
57,D47,0.047
664,D47,0.038
b7,D47,0.037
5,D47,0.037
4,D47,0.034
37,D47,0.031
27,D47,0.024
M17,D47,0.022
464/4,D47,0.022
77,D47,0.022
M77,D47,0.015
47,D47,0.015
642,D47,0.015
67,D47,0.015
16,D47,0.015
b1,D47,0.009
2,D47,0.007
L57,D47,0.007
b4,D47,0.007
D57,D47,0.007
L16,D47,0.007
C7,D47,0.007
365,D47,0.007
Y7,D47,0.007
D3,D47,0.007
3,D47,0.007
66,D47,0.006
26,D47,0.006
265,D47,0.004
D76,D47,0.004
164,D47,0.004
56/6,D47,0.003
D442,D47,0.003
6,565/6,0.525
67,565/6,0.096
47,565/6,0.046
57/6,565/6,0.041
642,565/6,0.036
164,565/6,0.033
4,565/6,0.031
365,565/6,0.023
26,565/6,0.023
5,565/6,0.021
56/6,565/6,0.016
543/6,565/6,0.015
46,565/6,0.015
57/2,565/6,0.008
D6,565/6,0.008
143,565/6,0.008
b57,565/6,0.008
76/3,565/6,0.008
543/4,565/6,0.008
27,565/6,0.007
564/6,565/6,0.007
66,543/6,0.409
6,543/6,0.227
57/6,543/6,0.064
5/2,543/6,0.038
67,543/6,0.038
46,543/6,0.03
D443,543/6,0.019
M6,543/6,0.019
1,543/6,0.019
464,543/6,0.019
57/2,543/6,0.019
564/6,543/6,0.008
542/6,543/6,0.008
6,D6,0.254
D4,D6,0.099
7,D6,0.077
b7,D6,0.061
164,D6,0.055
b6,D6,0.039
67,D6,0.039
5,D6,0.039
b46,D6,0.028
3,D6,0.028
5/6,D6,0.028
7/4,D6,0.028
b67,D6,0.028
66,D6,0.028
564/6,D6,0.022
7/5,D6,0.011
465,D6,0.011
2,D6,0.006
7/7,D6,0.006
4,L26,0.442
26,L26,0.144
47,L26,0.062
5,L26,0.053
2,L26,0.049
5/5,L26,0.027
1,L26,0.027
D47,L26,0.022
56/6,L26,0.02
27,L26,0.02
57,L26,0.011
L77,L26,0.011
D3,L26,0.011
76/3,L26,0.011
b26,L26,0.011
164,L26,0.007
57/3,L26,0.004
3,L26,0.004
b4,L26,0.004
b6,L26,0.002
57/6,L26,0.002
1,C5,0.254
4,C5,0.168
5,C5,0.156
5/3,C5,0.087
C2,C5,0.058
b3,C5,0.052
b6,C5,0.046
C7,C5,0.029
b7,C5,0.029
D465,C5,0.029
5/2,C5,0.029
C27,C5,0.017
56/3,C5,0.017
5,b1,0.131
b4,b1,0.089
6,b1,0.075
b5,b1,0.069
b6,b1,0.062
b76,b1,0.054
4,b1,0.054
b7,b1,0.046
b3,b1,0.027
b67,b1,0.023
1,b1,0.02
L7,b1,0.02
3,b1,0.016
2,b1,0.016
D4,b1,0.016
b142,b1,0.014
b17,b1,0.014
56,b1,0.014
164,b1,0.014
Y2,b1,0.012
37,b1,0.012
264,b1,0.011
D564,b1,0.011
L77,b1,0.009
242,b1,0.009
5/5,b1,0.008
b47,b1,0.007
364,b1,0.007
b56,b1,0.007
7,b1,0.007
M5,b1,0.007
b2,b1,0.007
b164,b1,0.007
565,b1,0.007
D142,b1,0.007
b57,b1,0.007
542,b1,0.005
565/2,b1,0.005
b16,b1,0.004
D5,b1,0.004
C3,b1,0.004
Y7,b1,0.004
D165,b1,0.003
5,Y5,0.349
242,Y5,0.142
57,Y5,0.094
4,Y5,0.094
542/2,Y5,0.047
36,Y5,0.047
L4,Y5,0.047
57/2,Y5,0.047
27,Y5,0.038
6,Y5,0.019
2,Y5,0.019
4/3,Y5,0.009
16,Y4,0.206
1,Y4,0.184
5,Y4,0.128
b7,Y4,0.113
6,Y4,0.078
5/6,Y4,0.071
77,Y4,0.057
37,Y4,0.05
b3,Y4,0.035
3,Y4,0.035
b6,Y4,0.007
6,342,0.141
2,342,0.138
27,342,0.094
5,342,0.062
L57,342,0.059
4,342,0.053
1,342,0.053
3,342,0.044
67,342,0.044
364,342,0.044
343,342,0.029
242,342,0.029
17,342,0.021
57/5,342,0.021
36,342,0.015
57/2,342,0.015
66,342,0.015
464,342,0.015
D47,342,0.015
57/4,342,0.012
57/6,342,0.012
37,342,0.009
16,342,0.009
542/6,342,0.006
47,342,0.006
56,342,0.003
5/5,342,0.003
1,Y2,0.231
2,Y2,0.129
5,Y2,0.083
b3,Y2,0.049
Y3,Y2,0.037
5/7,Y2,0.031
164,Y2,0.029
C5,Y2,0.029
464,Y2,0.026
4,Y2,0.026
Y6,Y2,0.023
C6,Y2,0.02
Y37,Y2,0.02
4/7,Y2,0.014
b464,Y2,0.014
b77,Y2,0.014
Y17,Y2,0.014
Y7,Y2,0.014
7,Y2,0.014
b5,Y2,0.014
b7,Y2,0.014
Y26,Y2,0.014
3,Y2,0.011
5/3,Y2,0.011
47,Y2,0.011
b4,Y2,0.009
57,Y2,0.009
Y164,Y2,0.009
b36,Y2,0.006
C37,Y2,0.006
Y77,Y2,0.006
5/5,Y2,0.003
b6,Y2,0.003
5/6,7/3,0.205
3,7/3,0.196
2,7/3,0.099
27,7/3,0.065
37,7/3,0.062
664,7/3,0.059
57,7/3,0.047
57/3,7/3,0.047
57/6,7/3,0.037
36,7/3,0.031
543,7/3,0.025
16,7/3,0.016
564,7/3,0.016
b2,7/3,0.016
543/3,7/3,0.016
M3,7/3,0.009
5,7/3,0.009
365,7/3,0.006
1,7/3,0.006
564/6,7/3,0.006
2,56/2,0.51
27,56/2,0.181
56/6,56/2,0.047
464,56/2,0.044
1,56/2,0.035
5/2,56/2,0.02
5/5,56/2,0.015
542/5,56/2,0.015
243,56/2,0.015
57/2,56/2,0.015
564/6,56/2,0.015
16,56/2,0.015
47/6,56/2,0.015
5,56/2,0.012
L77,56/2,0.003
L242,56/2,0.003
2,543/2,0.231
26,543/2,0.203
27,543/2,0.175
57/5,543/2,0.084
57/2,543/2,0.063
L77,543/2,0.035
4,543/2,0.035
5/5,543/2,0.035
b1,b2,0.231
6,b2,0.164
2,b2,0.088
b3,b2,0.084
1,b2,0.084
b5,b2,0.063
b6,b2,0.063
5,b2,0.063
Y464,b2,0.038
b4,b2,0.038
66,b2,0.021
5/6,b2,0.021
b67,b2,0.021
342,b2,0.008
57/6,b2,0.004
57/2,b2,0.004
56,b2,0.004
17,b77,0.132
b67,b77,0.105
6,b77,0.09
b37,b77,0.081
57/2,b77,0.078
57,b77,0.066
5/6,b77,0.045
1,b77,0.045
37,b77,0.045
57/6,b77,0.033
2,b77,0.03
b7,b77,0.021
4,b77,0.021
L27,b77,0.015
L5,b77,0.015
264,b77,0.015
b5,b77,0.015
27,b77,0.015
77/5,b77,0.015
5,b77,0.015
67,b77,0.015
b4,b77,0.009
D37,b77,0.009
57/5,b77,0.009
b3,b77,0.009
5/2,b77,0.006
Y37,b77,0.006
56,b77,0.003
M17,b77,0.003
57/3,b77,0.003
3,56/3,0.404
5/6,56/3,0.309
1,56/3,0.037
Y2,56/3,0.037
L4,56/3,0.037
16,56/3,0.037
6,56/3,0.037
57/6,56/3,0.029
57/3,56/3,0.022
7/3,56/3,0.022
C2,56/3,0.015
Y3,56/3,0.015
3,4/3,0.196
5/3,4/3,0.131
1,4/3,0.118
17,4/3,0.098
4,4/3,0.098
365,4/3,0.078
67,4/3,0.065
5,4/3,0.059
2,4/3,0.052
464,4/3,0.033
b7,4/3,0.033
56/3,4/3,0.007
57/4,b57,0.207
1,b57,0.172
27,b57,0.052
47,b57,0.052
b7,b57,0.044
4,b57,0.039
b67,b57,0.03
b542,b57,0.028
57,b57,0.028
5,b57,0.026
b4,b57,0.026
b6,b57,0.024
b5,b57,0.022
b37,b57,0.019
17,b57,0.019
b27,b57,0.019
M143,b57,0.015
b47,b57,0.015
M17,b57,0.013
M1,b57,0.011
b17,b57,0.009
2,b57,0.009
265,b57,0.009
143,b57,0.009
b1,b57,0.009
4/3,b57,0.009
D27,b57,0.009
67,b57,0.009
46,b57,0.007
164,b57,0.002
2,M5,0.22
L26,M5,0.128
6,M5,0.118
4,M5,0.061
56/6,M5,0.048
5/2,M5,0.035
M4,M5,0.032
5/6,M5,0.026
464/4,M5,0.022
3,M5,0.022
M2,M5,0.022
M6,M5,0.019
b6,M5,0.016
b4,M5,0.016
57/2,M5,0.016
164,M5,0.016
D3,M5,0.016
26,M5,0.016
M642,M5,0.016
47,M5,0.016
M77,M5,0.013
57/4,M5,0.013
56/5,M5,0.01
L264,M5,0.01
543/2,M5,0.01
5,M5,0.006
M56,M5,0.006
M17,M5,0.003
5,5/7,0.305
4,5/7,0.286
Y2,5/7,0.133
57,5/7,0.095
b7,5/7,0.048
27,5/7,0.048
542/7,5/7,0.038
3,5/7,0.019
364,5/7,0.019
L5,5/7,0.01
Y2,Y3,0.188
5/5,Y3,0.167
2,Y3,0.111
5/6,Y3,0.111
Y6,Y3,0.069
b6,Y3,0.069
1,Y3,0.063
4,Y3,0.049
16,Y3,0.035
D165,Y3,0.035
Y37,Y3,0.028
664,Y3,0.007
6,343,0.222
67,343,0.12
1,343,0.085
27,343,0.067
37,343,0.064
66,343,0.058
4,343,0.056
17,343,0.05
265,343,0.038
2,343,0.029
M565,343,0.023
b57,343,0.015
b37,343,0.015
56,343,0.015
b565,343,0.015
57/2,343,0.015
47,343,0.012
642,343,0.012
443,343,0.006
D165,343,0.003
5,343,0.003
27,243,0.408
6,243,0.068
57,243,0.065
1,243,0.035
164,243,0.033
26,243,0.027
543/5,243,0.027
5,243,0.024
67,243,0.022
L243,243,0.019
56,243,0.016
77,243,0.014
57/6,243,0.014
37,243,0.014
565,243,0.014
b27,243,0.014
b6,243,0.014
Y27,243,0.014
565/6,243,0.014
36,243,0.014
2,243,0.014
3,243,0.008
1,543,0.27
57,543,0.161
17,543,0.144
16,543,0.057
b77,543,0.03
7,543,0.03
164,543,0.026
27,543,0.024
37,543,0.022
664,543,0.02
3,543,0.02
56,543,0.018
542,543,0.014
5,543,0.012
4,543,0.012
242,543,0.01
67,543,0.01
342,543,0.01
47/4,543,0.01
b2,543,0.01
M16,543,0.01
6,543,0.008
264,543,0.004
67,643,0.147
642,643,0.116
6,643,0.093
27,643,0.091
164,643,0.057
57/5,643,0.042
16,643,0.031
2,643,0.028
L4,643,0.025
5,643,0.025
1,643,0.025
3,643,0.023
665,643,0.023
Y3,643,0.02
57,643,0.02
442,643,0.014
b57,643,0.014
Y37,643,0.014
56/5,643,0.014
D37,643,0.014
543,643,0.014
L7,643,0.014
564,643,0.014
5/5,643,0.011
4,643,0.011
M77,643,0.003
17,b27,0.19
1,b27,0.171
57,b27,0.133
5,b27,0.127
37,b27,0.063
b17,b27,0.063
56,b27,0.032
C67,b27,0.032
b4,b27,0.032
b57,b27,0.032
Y27,b27,0.032
67,b27,0.032
b37,b27,0.025
5/6,b27,0.006
1,76,0.127
5/6,76,0.08
66,76,0.08
2,76,0.071
57/6,76,0.068
M76,76,0.065
6,76,0.046
4,76,0.046
4/7,76,0.043
27,76,0.04
7/2,76,0.037
67,76,0.031
56/6,76,0.019
b464,76,0.015
3,76,0.015
77,76,0.015
542/6,76,0.015
564,76,0.015
7,76,0.015
164,76,0.015
46,76,0.015
D76,76,0.012
16,76,0.012
57,76,0.009
56/3,76,0.006
56,76,0.006
b16,76,0.006
27,b165,0.32
4,b165,0.227
D37,b165,0.103
C27,b165,0.103
b7,b165,0.052
1,b165,0.052
b143,b165,0.052
b465,b165,0.021
D47,b165,0.021
5,b165,0.01
17,Y27,0.124
b17,Y27,0.101
1,Y27,0.089
Y6,Y27,0.089
Y17,Y27,0.065
C57,Y27,0.059
665,Y27,0.036
5/5,Y27,0.03
b464,Y27,0.03
37,Y27,0.03
Y67,Y27,0.03
543/4,Y27,0.03
5/3,Y27,0.03
67,Y27,0.012
5,Y27,0.006
b1,Y27,0.006
27,M57,0.217
1,M57,0.155
57/4,M57,0.093
47,M57,0.075
M17,M57,0.049
6,M57,0.049
67,M57,0.04
46,M57,0.027
M565,M57,0.022
164,M57,0.022
M27,M57,0.018
2,M57,0.013
5,M57,0.004
Y5,M57,0.004
b77,b47,0.108
1,b47,0.09
57,b47,0.072
57/6,b47,0.057
37,b47,0.051
16,b47,0.051
5,b47,0.042
b37,b47,0.039
b57,b47,0.033
b7,b47,0.03
b465,b47,0.027
b3,b47,0.027
b4,b47,0.024
17,b47,0.021
47/4,b47,0.021
C2,b47,0.015
b542,b47,0.015
2,b47,0.015
b27,b47,0.015
M565,b47,0.015
47,b47,0.015
b443,b47,0.015
b17,b47,0.015
b464,b47,0.012
b67,b47,0.009
47,443,0.157
4,443,0.126
5,443,0.099
37,443,0.067
365,443,0.054
564,443,0.045
57,443,0.045
27,443,0.04
L27,443,0.022
1,443,0.022
b464,443,0.022
5/2,443,0.022
b4,443,0.022
b47,443,0.022
b5,443,0.022
66,443,0.018
2,443,0.013
6,443,0.013
b16,443,0.013
465,443,0.009
6,465,0.2
27,465,0.159
5,465,0.081
77,465,0.078
37,465,0.05
365,465,0.038
L17,465,0.031
56,465,0.028
b7,465,0.028
1,465,0.019
164,465,0.016
L27,465,0.016
67,465,0.016
142,465,0.016
7,465,0.016
3,465,0.016
443,465,0.016
565,465,0.016
b67,465,0.016
46,465,0.016
L5,465,0.006
4,465,0.003
17,L77,0.102
57/6,L77,0.09
5/6,L77,0.082
6,L77,0.079
67,L77,0.073
27,L77,0.064
L743,L77,0.044
M77,L77,0.044
3,L77,0.044
37,L77,0.032
46,L77,0.029
L742,L77,0.029
5/2,L77,0.029
b77,L77,0.026
D77,L77,0.02
b2,L77,0.015
b17,L77,0.015
1,L77,0.015
47,L77,0.015
342,L77,0.015
665,L77,0.015
4,L77,0.015
364,L77,0.015
7,L77,0.015
57/2,L77,0.015
5,L77,0.009
L264,L77,0.006
2,L77,0.003
66,L77,0.003
17,47/4,0.204
4,47/4,0.107
47,47/4,0.089
1,47/4,0.071
6,47/4,0.058
67,47/4,0.049
46,47/4,0.027
27,47/4,0.022
57/4,47/4,0.022
464,47/4,0.022
L7,47/4,0.018
2,47/4,0.013
5/3,47/4,0.013
b7,47/4,0.013
77,47/4,0.013
57,47/4,0.009
L77,47/4,0.009
b7,b465,0.348
17,b465,0.217
1,b465,0.098
b565,b465,0.065
57,b465,0.054
3,b465,0.054
b67,b465,0.011
5/6,b465,0.011
b7,b67,0.216
57,b67,0.122
b77,b67,0.109
b57,b67,0.096
5,b67,0.042
b37,b67,0.036
6,b67,0.034
1,b67,0.026
D77,b67,0.026
b3,b67,0.018
b47,b67,0.018
M77,b67,0.018
4,b67,0.016
b5,b67,0.013
17,b67,0.013
C67,b67,0.013
Y27,b67,0.013
L27,b67,0.008
642,b67,0.008
b36,b67,0.008
164,b67,0.005
b6,b67,0.005
b164,b67,0.005
57/2,b67,0.005
b1,b67,0.003
7,b67,0.003
Y6,b67,0.003
47,143,0.216
17,143,0.106
1,143,0.095
4,143,0.084
264,143,0.039
165,143,0.039
3,143,0.028
57/2,143,0.028
b57,143,0.028
27,143,0.025
464,143,0.025
M165,143,0.022
265,143,0.02
5,143,0.02
67,143,0.014
L264,143,0.014
16,143,0.014
L265,143,0.014
543/4,143,0.014
542,143,0.014
564,143,0.014
665,143,0.014
M17,143,0.008
5/6,143,0.008
36,143,0.003
67,D17,0.203
464,D17,0.187
D265,D17,0.154
27,D17,0.122
D465,D17,0.081
D57,D17,0.065
D47,D17,0.065
C47,D17,0.041
D142,D17,0.041
L242,D17,0.033
b1,D17,0.008
6,L264,0.243
46,L264,0.153
464,L264,0.09
4,L264,0.079
67,L264,0.063
264,L264,0.058
L242,L264,0.053
5,L264,0.032
664,L264,0.026
47,L264,0.026
3,L264,0.026
57/6,L264,0.021
b66,L264,0.021
5/5,L264,0.016
b6,L264,0.016
164,L264,0.011
27,b16,0.213
16,b16,0.16
564,b16,0.101
2,b16,0.071
L27,b16,0.059
5/5,b16,0.059
57/5,b16,0.053
4,b16,0.041
56,b16,0.03
66,b16,0.03
b7,b16,0.03
76,b16,0.024
b67,b16,0.024
b6,b16,0.018
5/6,b16,0.018
b1,b16,0.012
5,b16,0.012
b3,b16,0.006
4,L265,0.377
464,L265,0.101
47,L265,0.06
L242,L265,0.05
26,L265,0.05
265,L265,0.04
164,L265,0.04
b4,L265,0.035
L27,L265,0.025
542,L265,0.025
b7,L265,0.025
565/6,L265,0.025
b143,L265,0.025
L7,L265,0.025
2,L265,0.02
66,L265,0.02
27,C16,0.773
57,C16,0.114
57/3,C16,0.045
M664,C16,0.045
5,C16,0.023
47,57/7,0.339
4,57/7,0.169
L77,57/7,0.085
77,57/7,0.085
57/6,D442,0.248
27,D442,0.215
4,D442,0.083
3,D442,0.058
M76,D442,0.041
M27,D442,0.041
b3,D442,0.041
D6,D442,0.041
b7,D442,0.041
5/5,D442,0.041
6,D442,0.033
7/3,D442,0.033
1,D442,0.008
4/7,D442,0.008
5/6,D442,0.008
47,77/5,0.259
5,77/5,0.178
4,77/5,0.114
164,77/5,0.086
27,77/5,0.054
57/3,77/5,0.043
565/5,77/5,0.027
57/5,77/5,0.027
5/5,77/5,0.027
b47,77/5,0.027
2,77/5,0.027
1,77/5,0.022
67,77/5,0.016
642,77/5,0.011
b57,77/5,0.011
57,77/5,0.011
564,D16,0.313
5,D16,0.156
M27,D16,0.156
4,D16,0.125
27,D16,0.094
57/5,D16,0.063
5,564/5,0.291
56,564/5,0.174
5/2,564/5,0.128
M5,564/5,0.116
164,564/5,0.093
L57,564/5,0.058
C465,564/5,0.023
67,M77,0.1
2,M77,0.087
1,M77,0.084
6,M77,0.066
443,M77,0.045
57,M77,0.042
27,M77,0.037
57/2,M77,0.037
M142,M77,0.029
16,M77,0.026
5/2,M77,0.021
L77,M77,0.021
D164,M77,0.021
665,M77,0.018
7,M77,0.018
164,M77,0.018
5,M77,0.018
17,M77,0.018
M242,M77,0.016
C57,M77,0.016
Y67,M77,0.013
5/6,M77,0.013
4,M77,0.013
L742,M77,0.013
57/3,M77,0.01
Y7,M77,0.01
37,M77,0.01
D36,M77,0.008
264,M77,0.008
b3,M77,0.008
M6,M77,0.005
3,M77,0.005
242,M77,0.003
D17,M77,0.003
46,Y56,0.405
564/5,Y56,0.135
C56,Y56,0.135
76/2,Y56,0.135
57/5,Y56,0.027
56,Y56,0.027
b7,M56,0.256
46,M56,0.205
2,M56,0.128
57/6,M56,0.128
5,M56,0.128
4,M56,0.051
57/2,M56,0.051
1,M56,0.026
5/2,M56,0.026
46,b56,0.146
4,b56,0.109
57/2,b56,0.102
1,b56,0.102
6,b56,0.095
5/2,b56,0.073
b7,b56,0.051
b5,b56,0.044
56,b56,0.044
464,b56,0.036
5,b56,0.036
b564,b56,0.036
b4,b56,0.036
b6,b56,0.029
b1,b56,0.029
Y37,b56,0.015
b464,b56,0.015
2,b564,0.385
b56,b564,0.192
b5,b564,0.192
27,b564,0.096
1,b564,0.096
56/2,b564,0.038
66,542/6,0.376
6,542/6,0.094
1,542/6,0.077
56/6,542/6,0.055
2,542/6,0.055
5/5,542/6,0.055
57/6,542/6,0.044
5/6,542/6,0.039
164,542/6,0.028
17,542/6,0.028
543/6,542/6,0.028
564/6,542/6,0.028
37,542/6,0.028
16,542/6,0.028
242,542/6,0.028
343,542/6,0.011
57/2,565/2,0.319
2,565/2,0.319
27,565/2,0.153
57/5,565/2,0.104
5/2,565/2,0.069
5/5,565/2,0.035
5/6,47/7,0.5
L765,47/7,0.15
37,47/7,0.125
Y27,47/7,0.125
57/6,47/7,0.1
4,L765,0.238
3,L765,0.19
67,L765,0.19
5/6,L765,0.167
6,L765,0.119
Y27,L765,0.095
57/2,M37,0.39
5/2,M37,0.244
4,M37,0.098
464,M37,0.085
6,M37,0.061
M67,M37,0.061
27,b37,0.216
4,b37,0.154
2,b37,0.075
b5,b37,0.06
Y27,b37,0.044
57/5,b37,0.041
665,b37,0.031
17,b37,0.028
b57,b37,0.022
b6,b37,0.022
47,b37,0.019
b27,b37,0.016
b67,b37,0.016
265,b37,0.016
L56,b37,0.016
46/4,b37,0.016
b17,b37,0.016
L4,b37,0.013
b16,b37,0.006
5,b37,0.006
M17,b37,0.006
57/4,b37,0.006
D442,b37,0.003
27,C37,0.623
C67,C37,0.113
b6,C37,0.094
2,C37,0.094
b47,C37,0.038
1,C37,0.019
C6,C37,0.019
27,D37,0.32
D77,D37,0.069
6,D37,0.063
5,D37,0.057
3,D37,0.057
1,D37,0.04
4,D37,0.034
664,D37,0.029
D5,D37,0.029
C3,D37,0.029
M77,D37,0.029
M37,D37,0.029
164,D37,0.029
b6,D37,0.029
17,D37,0.029
47,D37,0.029
Y27,D37,0.017
b67,D37,0.017
57,D37,0.011
57/2,D37,0.006
27,Y37,0.222
Y67,Y37,0.074
37,Y37,0.067
D47,Y37,0.052
Y6,Y37,0.044
2,Y37,0.037
Y66,Y37,0.037
C67,Y37,0.037
D17,Y37,0.037
b6,Y37,0.037
57/5,Y37,0.03
5,Y37,0.03
56/3,Y37,0.022
L27,Y37,0.022
M564,Y37,0.015
1,Y37,0.007
5,565/5,0.252
57/5,565/5,0.114
57,565/5,0.114
4,565/5,0.093
164,565/5,0.061
542,565/5,0.041
56,565/5,0.041
47,565/5,0.041
L565,565/5,0.028
664,565/5,0.02
265,565/5,0.02
36,565/5,0.02
1,565/5,0.02
26,565/5,0.02
2,565/5,0.02
543/5,565/5,0.012
27,565/5,0.012
D57,565/5,0.008
27,M67,0.617
264,M67,0.277
47,M67,0.106
7,C164,0.269
67,C164,0.173
6,C164,0.154
b4,C164,0.096
47,C164,0.096
5,C164,0.019
57,Y57,0.632
47,Y57,0.228
1,565,0.327
57,565,0.138
6,565,0.101
464,565,0.083
67,565,0.04
17,565,0.038
164,565,0.025
57/7,565,0.025
56,565,0.025
5,565,0.023
4,565,0.018
5/2,565,0.018
57/2,565,0.015
M16,565,0.013
243,565,0.013
Y7,565,0.013
2,565,0.013
57/5,565,0.013
7/5,565,0.013
542,565,0.013
665,565,0.013
46,565,0.005
37,565,0.005
57/3,565,0.003
b7,D5,0.239
4,D5,0.177
5,D5,0.133
2,D5,0.088
D3,D5,0.08
464/4,D5,0.044
6,D5,0.044
76/5,D5,0.044
464,D5,0.035
D564,D5,0.027
5/5,D5,0.018
C3,D5,0.009
4,M1,0.405
M4,M1,0.135
b7,M1,0.135
5,M1,0.108
M17,M1,0.054
4,D4,0.217
1,D4,0.141
D47,D4,0.098
D57,D4,0.087
5,D4,0.087
6,D4,0.082
b1,D4,0.06
2,D4,0.054
17,D4,0.038
16,D4,0.027
46,D4,0.027
b7,D4,0.022
b77,D4,0.022
D3,D4,0.011
4,b17,0.112
D265,b17,0.107
242,b17,0.098
67,b17,0.076
27,b17,0.045
D67,b17,0.045
b47,b17,0.045
5,b17,0.04
464,b17,0.04
443,b17,0.04
1,b17,0.04
D77,b17,0.031
D47,b17,0.027
57/3,b17,0.022
b1,b17,0.022
b6,b17,0.022
b37,b17,0.022
Y27,b17,0.022
L242,b17,0.022
47/2,b17,0.022
b57,b17,0.022
b143,b17,0.018
2,b17,0.018
b142,b17,0.018
C2,b17,0.013
57/5,b17,0.009
5,D77,0.14
17,D77,0.135
1,D77,0.088
67,D77,0.088
D37,D77,0.058
77,D77,0.058
57/2,D77,0.058
b57,D77,0.041
b7,D77,0.035
57/6,D77,0.029
4,D77,0.029
365,D77,0.029
Y77,D77,0.029
D3,D77,0.029
6,D77,0.029
5/6,D77,0.023
7,D77,0.018
27,D77,0.012
5/5,D77,0.006
L57,D77,0.006
5/6,57/3,0.232
3,57/3,0.133
37,57/3,0.11
57/6,57/3,0.102
L3,57/3,0.077
364,57/3,0.033
1,57/3,0.026
27,57/3,0.023
565/3,57/3,0.02
D56,57/3,0.018
5/3,57/3,0.015
b77,57/3,0.013
543/3,57/3,0.013
b7,57/3,0.013
4/7,57/3,0.013
664,57/3,0.013
17,57/3,0.013
2,57/3,0.01
D3,57/3,0.005
6,57/3,0.005
47,47/3,0.455
6,47/3,0.152
664,47/3,0.152
47/4,47/3,0.152
L742,47/3,0.03
4,L5,0.253
6,L5,0.171
27,L5,0.106
L564,L5,0.094
2,L5,0.082
1,L5,0.076
b3,L5,0.041
b7,L5,0.035
56/5,L5,0.029
542,L5,0.029
3,L5,0.029
5,L5,0.029
464,L5,0.018
5/5,L5,0.006
5/5,L1,0.263
67,L1,0.263
5,L1,0.263
b7,L1,0.158
1,L1,0.053
56,542/5,0.404
242,542/5,0.099
57,542/5,0.094
b464,542/5,0.082
5/5,542/5,0.041
564,542/5,0.029
543,542/5,0.029
5,542/5,0.029
76/6,542/5,0.029
76,542/5,0.029
56/5,542/5,0.029
6,542/5,0.023
2,542/5,0.018
46,542/5,0.012
1,542/5,0.006
3,565/3,0.443
37,565/3,0.164
5/6,565/3,0.098
7/3,565/3,0.082
2,565/3,0.082
57/3,565/3,0.066
27,565/3,0.033
7,565/3,0.016
57/6,565/3,0.016
1,L6,0.5
4,L6,0.5
1,C2,0.582
D3,C2,0.113
C5,C2,0.035
4,C2,0.035
b6,C2,0.035
C7,C2,0.035
464,C2,0.028
543,C2,0.014
47,C2,0.007
6,C2,0.007
564,464/5,1
6,M66,1
1,b464,0.525
b4,b464,0.074
5,b464,0.049
66,b464,0.049
b6,b464,0.034
164,b464,0.025
665,b464,0.025
3,b464,0.025
b46,b464,0.025
37,b464,0.025
b66,b464,0.025
464,b464,0.025
77,b464,0.025
27,b464,0.02
b56,b464,0.015
b47,b464,0.01
Y76,b464,0.005
1,C464,1
5/6,46/4,0.25
464,46/4,0.208
1,46/4,0.208
4,46/4,0.083
56,46/4,0.042
6,M4,0.118
b7,M4,0.118
D3,M4,0.118
5,M4,0.082
57,M4,0.082
1,M4,0.071
5/6,M4,0.071
M5,M4,0.059
464,M4,0.059
M3,M4,0.059
465,M4,0.059
2,M4,0.047
27,M4,0.012
4,M4,0.012
D47,M4,0.012
2,D26,0.435
57/6,D26,0.348
b7,D26,0.109
1,D26,0.109
56/6,M3,0.137
4,M3,0.137
67,M3,0.123
M564,M3,0.068
2,M3,0.068
26,M3,0.068
5/2,M3,0.068
M76,M3,0.068
M17,M3,0.068
7/2,M3,0.068
27,M3,0.041
M67,M3,0.041
b2,M3,0.027
67,D67,0.128
b67,D67,0.115
57/5,D67,0.064
Y6,D67,0.064
C6,D67,0.064
D164,D67,0.064
5/5,D67,0.064
27,D67,0.064
C5,D67,0.064
L742,D67,0.064
57/2,D67,0.051
7/7,D67,0.038
37,D67,0.038
565,D67,0.038
46,L46,0.467
67,L46,0.242
57,L46,0.061
6,L46,0.055
L36,L46,0.03
L264,L46,0.03
7/5,L46,0.03
36,L46,0.03
C67,L46,0.018
56/6,L46,0.006
1,C67,0.181
5,C67,0.171
57,C67,0.152
6,C67,0.076
L46,C67,0.048
C2,C67,0.048
665,C67,0.048
C27,C67,0.048
17,C67,0.038
57/2,C67,0.029
5/5,C67,0.019
Y2,C67,0.01
C5,C67,0.01
164,C465,0.556
6,C465,0.333
57,C465,0.056
C443,C465,0.056
264,76/5,0.131
57/2,76/5,0.119
46,76/5,0.119
56,76/5,0.119
57/3,76/5,0.06
D56,76/5,0.06
67,76/5,0.06
b46,76/5,0.048
5,76/5,0.024
5/3,76/5,0.012
C56,76/5,0.012
26,542/2,0.239
2,542/2,0.179
365,542/2,0.075
b5,542/2,0.075
L26,542/2,0.06
264,542/2,0.037
543/2,542/2,0.037
57/2,542/2,0.037
443,542/2,0.037
565/5,542/2,0.037
542/5,542/2,0.037
36,542/3,0.313
5/3,542/3,0.188
56/6,542/3,0.156
3,542/3,0.156
17,542/3,0.094
7/7,542/3,0.094
4,564/4,0.656
47,564/4,0.313
542/4,564/4,0.031
76,M76,0.271
66,M76,0.18
2,M76,0.113
6,M76,0.053
664,M76,0.053
57/6,M76,0.053
27,M76,0.038
1,M76,0.038
57,M76,0.038
542/6,M76,0.038
5/6,M76,0.038
C16,M76,0.023
M17,M76,0.015
b2,M76,0.015
6,76/6,0.369
66,76/6,0.36
665,76/6,0.09
5/6,76/6,0.09
b1,76/6,0.045
364,D464,0.722
664,D464,0.278
1,Y66,0.25
665,Y66,0.156
D67,Y66,0.156
Y2,Y66,0.156
66,Y66,0.156
Y26,Y66,0.125
642,C3,0.206
6,C3,0.206
C4,C3,0.103
b5,C3,0.103
2,C3,0.072
C36,C3,0.062
1,C3,0.052
Y57,C3,0.052
C5,C3,0.041
5/6,C3,0.021
C2,C3,0.021
3,C3,0.01
4,46/6,0.389
47,46/6,0.167
1,46/6,0.139
5/3,46/6,0.139
46/5,46/6,0.139
6,46/6,0.028
3,564/3,0.159
1,564/3,0.145
6,564/3,0.101
5/3,564/3,0.087
56/6,564/3,0.087
4,564/3,0.072
L26,564/3,0.072
57/3,564/3,0.072
26,564/3,0.072
5/6,564/3,0.058
364,564/3,0.043
542/3,564/3,0.029
6,C4,0.357
1,C4,0.333
b77,C4,0.143
b2,C4,0.095
b5,C4,0.048
57,C4,0.024
4,L764,0.512
47,L764,0.244
L7,L764,0.122
5,L764,0.061
2,L764,0.061
2,564/2,0.264
47,564/2,0.124
26,564/2,0.124
1,564/2,0.116
4,564/2,0.083
5/2,564/2,0.083
27,564/2,0.066
442,564/2,0.041
56/2,564/2,0.041
6,564/2,0.041
56/5,564/2,0.017
2,76/2,0.403
26,76/2,0.242
264,76/2,0.081
5/5,76/2,0.081
5/2,76/2,0.081
57/2,76/2,0.048
L164,L564,0.452
4,L564,0.161
16,L564,0.129
5/5,L564,0.065
3,543/3,0.263
57/3,543/3,0.211
5/6,543/3,0.132
565/3,543/3,0.132
365,543/3,0.132
37,543/3,0.132
464,C1,0.202
1,C1,0.183
2,C1,0.11
5/3,C1,0.092
7,C1,0.092
57/4,C1,0.055
56,C1,0.046
665,C1,0.046
565/2,C1,0.046
L7,C1,0.046
M17,C1,0.028
5,C1,0.028
17,C1,0.018
26,M36,0.526
b36,M36,0.211
4,543/4,0.518
57/4,543/4,0.145
1,543/4,0.109
47,543/4,0.091
2,543/4,0.045
5,543/4,0.045
b6,543/4,0.036
6,543/4,0.009
4,M143,0.405
1,M143,0.127
L4,M143,0.101
M17,M143,0.089
L57,M143,0.089
57/2,M143,0.063
57,M143,0.063
1,b26,0.377
164,b26,0.195
b5,b26,0.065
b4,b26,0.065
664,b26,0.065
6,b26,0.065
4,b26,0.052
b46,b26,0.026
b27,b26,0.026
67,b565,0.143
47,b565,0.1
665,b565,0.1
1,b565,0.086
5,b565,0.086
4,b565,0.071
27,b565,0.071
5/2,b565,0.071
b542,b565,0.071
56,b565,0.057
1,C6,0.164
b7,C6,0.15
5,C6,0.143
C57,C6,0.114
b3,C6,0.071
C5,C6,0.057
6,C6,0.057
5/6,C6,0.05
57,C6,0.036
5/7,C6,0.036
b6,C6,0.036
b1,C6,0.029
365,C6,0.014
C67,C6,0.014
6,Y7,0.292
L7,Y7,0.175
4,Y7,0.149
1,Y7,0.091
C56,Y7,0.032
46,Y7,0.032
b4,Y7,0.032
5/5,Y7,0.032
2,Y7,0.026
Y27,Y7,0.019
5/3,Y7,0.019
464,Y7,0.019
b6,Y7,0.013
1,C57,0.286
47,C57,0.204
b57,C57,0.102
C37,C57,0.102
C47,C57,0.082
17,C57,0.082
M4,C57,0.041
D465,D142,0.667
D6,D142,0.333
b3,b76,0.381
1,b76,0.295
4,b76,0.152
5,b76,0.067
76,b76,0.048
b7,b76,0.048
b1,b76,0.01
b3,Y76,0.556
57,Y76,0.185
5,Y76,0.185
Y27,Y76,0.074
1,b66,0.311
b7,b66,0.135
C17,b66,0.068
C76,b66,0.068
b1,b66,0.068
Y27,b66,0.068
b6,b66,0.054
76/7,b66,0.041
464,b66,0.041
b17,b66,0.027
4,b66,0.027
b76,b66,0.027
Y1,D76,0.364
6,D76,0.136
66,D76,0.136
542/6,D76,0.091
1,D76,0.045
C2,M2,0.318
6,M2,0.273
2,M2,0.227
3,M2,0.182
b3,b36,0.168
27,b36,0.14
1,b36,0.093
57,b36,0.093
b57,b36,0.084
b6,b36,0.056
564/5,b36,0.047
M36,b36,0.047
57/4,b36,0.047
26,b36,0.028
56/5,b36,0.019
D47,b36,0.019
4,b36,0.019
5,b36,0.009
4,565/4,0.877
b47,565/4,0.062
47,565/4,0.062
67,Y77,0.219
Y564,Y77,0.094
b3,Y77,0.078
Y37,Y77,0.078
7,Y77,0.078
6,Y77,0.078
b57,Y77,0.078
464,Y77,0.063
27,Y77,0.063
Y1,Y77,0.031
b16,Y77,0.016
1,Y77,0.016
6,Y6,0.24
1,Y6,0.129
5,Y6,0.129
Y2,Y6,0.124
Y27,Y6,0.092
b7,Y6,0.074
3,Y6,0.032
Y3,Y6,0.028
67,Y6,0.023
164,Y6,0.023
Y36,Y6,0.023
57/5,Y6,0.018
Y47,Y6,0.018
b4,Y6,0.009
M5,Y6,0.009
5/2,Y6,0.005
1,L76,0.218
5/5,L76,0.138
66,L76,0.115
4,L76,0.115
564/5,L76,0.057
L7,L76,0.057
364,L76,0.057
L77,L76,0.023
17,L76,0.023
L765,L76,0.011
L1,L76,0.011
Y2,b442,0.469
4,b442,0.313
Y76,b442,0.156
5,b442,0.063
27,D565,0.556
57/2,D565,0.333
Y67,D565,0.111
5,b164,0.42
b16,b164,0.26
57,b164,0.1
1,b164,0.1
D47,b164,0.1
342,L57,0.313
5,L57,0.141
57,L57,0.117
17,L57,0.078
2,L57,0.063
M143,L57,0.047
L37,L57,0.039
67,L57,0.039
56/5,L57,0.039
47,L57,0.039
D47,L57,0.031
265,L57,0.031
4,L57,0.023
57,543/5,0.248
565,543/5,0.177
5,543/5,0.159
56,543/5,0.133
243,543/5,0.088
57/5,543/5,0.088
6,543/5,0.044
27,543/5,0.044
142,543/5,0.018
7,7/7,0.237
565,7/7,0.169
6,7/7,0.153
5/3,7/7,0.119
7/2,7/7,0.119
D6,7/7,0.085
77,7/7,0.034
26,7/7,0.034
3,7/7,0.034
542/4,7/7,0.017
4,L3,0.319
L76,L3,0.213
6,L3,0.17
37,L3,0.053
1,L3,0.053
342,L3,0.053
L7,L3,0.053
66,L3,0.043
b57,L3,0.021
664,76/3,0.206
5/6,76/3,0.176
7/3,76/3,0.147
56/3,76/3,0.147
b36,76/3,0.147
C1,76/3,0.088
565/3,76/3,0.088
565,D2,0.289
6,D2,0.222
C76,D2,0.222
D27,D2,0.111
5,D2,0.044
76,47/2,0.406
56,47/2,0.281
M57,47/2,0.156
4,47/2,0.156
2,4/2,0.421
5/5,4/2,0.316
5/2,4/2,0.132
4/3,4/2,0.132
67,L742,0.348
27,L742,0.145
6,L742,0.145
57/6,L742,0.072
77/6,L742,0.072
L77,L742,0.072
47,L742,0.058
4,L742,0.043
57/2,L742,0.014
5,M27,0.227
M543,M27,0.227
76,M27,0.227
M57,M27,0.136
57,M27,0.136
664,M27,0.045
4,4/7,0.237
6,4/7,0.197
76,4/7,0.171
L7,4/7,0.132
1,4/7,0.132
47,4/7,0.066
C5,4/7,0.066
6,L56,0.556
b7,L56,0.222
27,L56,0.111
b37,L56,0.111
4,M542,0.556
643,M542,0.333
Y2,M542,0.111
1,M565,0.289
67,M565,0.2
6,M565,0.156
27,M565,0.111
7,M565,0.056
66,M565,0.056
D37,M565,0.056
47/4,M565,0.033
564/2,M443,1
56,Y1,0.238
3,Y1,0.214
b6,Y1,0.167
Y4,Y1,0.119
6,Y1,0.095
C17,Y1,0.095
L7,Y1,0.048
542/3,56/7,0.625
5/7,56/7,0.375
4,M165,0.364
57/2,M165,0.152
265,M165,0.152
2,M165,0.152
Y37,M165,0.091
47,M165,0.091
4,M47,0.29
642,M47,0.161
5,M47,0.161
265,M47,0.129
164,M47,0.129
77/5,M47,0.129
b7,D57,0.255
2,D57,0.2
M17,D57,0.182
D565,D57,0.091
27,D57,0.073
57/4,D57,0.073
47/4,D57,0.055
D37,D57,0.036
D47,D57,0.018
57,D57,0.018
M17,D164,0.2
56/5,D164,0.143
5,D164,0.143
3,D164,0.143
2,D164,0.143
b4,D164,0.114
b6,D164,0.114
4,7/4,0.508
L27,7/4,0.2
6,7/4,0.123
7/2,7/4,0.077
D47,7/4,0.062
77/4,7/4,0.031
L27,L243,0.161
243,L243,0.081
D4,L243,0.081
L265,L243,0.081
47,L243,0.016
67,L243,0.016
M143,M164,1
665,M242,0.714
27,M242,0.286
57,L365,1
4,56/4,0.792
b4,56/4,0.208
47,77/4,0.4
7/4,77/4,0.267
3,L16,0.5
C26,C7,0.227
Y37,C7,0.227
b66,C7,0.227
D47,C7,0.227
C37,C7,0.091
543/6,D443,0.5
1,D443,0.2
664,D443,0.2
1,M6,0.294
b7,M6,0.196
5,M6,0.098
564/6,M6,0.098
5/5,M6,0.098
b46,M6,0.02
4,M6,0.02
5,D465,0.294
C47,D465,0.294
D47,D465,0.147
b7,D465,0.147
4,D465,0.118
1,C27,0.485
b6,C27,0.152
57/7,C27,0.152
C4,C27,0.061
b6,b142,0.208
b67,b142,0.208
b17,b142,0.208
6,b142,0.167
b143,b142,0.125
b77,b142,0.042
464,b142,0.042
5/5,D564,0.778
6,D564,0.222
1,D165,0.25
27,D165,0.25
67,D165,0.25
5,D165,0.05
b7,D165,0.05
Y27,Y17,0.364
b464,Y17,0.227
Y26,Y17,0.227
Y77,Y17,0.136
27,Y17,0.045
b1,Y26,0.192
56,Y26,0.192
Y77,Y26,0.192
76/3,Y26,0.192
564,Y26,0.115
4,Y26,0.115
66,Y164,0.714
57,Y164,0.286
1,47/6,0.179
564/5,47/6,0.179
47/3,47/6,0.179
D57,47/6,0.143
46/3,47/6,0.143
56/6,Y464,1
16,b542,0.256
47,b542,0.205
343,b542,0.128
1,b542,0.128
L26,b542,0.051
Y2,D27,0.5
542,D27,0.5
M57,M642,1
b3,542/7,0.75
27,542/7,0.25
4,M16,0.5
46,M16,0.5
b17,b143,0.381
b165,b143,0.238
b47,b143,0.238
Y27,b143,0.095
C57,b143,0.048
1,Y67,0.31
5,Y67,0.224
Y27,Y67,0.121
L57,Y67,0.086
b565,b443,0.556
L46,b443,0.444
L243,L17,0.45
17,L17,0.2
542,L17,0.1
47,L743,0.484
4,L743,0.194
565/6,L743,0.161
57/6,L743,0.161
b17,D265,0.568
D17,D265,0.432
C77,C47,0.357
C6,C47,0.179
37,C47,0.179
164,C47,0.179
C7,C47,0.107
57/6,M664,1
5,D36,0.769
46,D36,0.154
D3,D36,0.077
1,C56,0.667
Y7,C56,0.167
Y56,C56,0.167
M46,M564,0.556
67,M564,0.333
M17,M564,0.111
542/4,L565,0.545
565/3,L565,0.455
56,D56,0.324
57/2,D56,0.27
5/2,D56,0.162
b1,D56,0.135
6,D56,0.108
6,L36,1
C3,C36,0.6
5/6,C36,0.2
5,C36,0.2
D3,46/5,0.5
5/5,46/5,0.5
1,L164,1
17,C17,0.294
1,C17,0.294
542/5,C17,0.294
Y1,C17,0.118
57/4,C76,0.667
L7,76/7,0.455
56/7,76/7,0.364
Y56,76/7,0.182
1,Y564,0.563
564,Y564,0.313
2,Y564,0.125
27,Y36,0.5
Y47,Y36,0.5
b57,Y47,0.238
Y36,Y47,0.238
b67,Y47,0.19
Y4,Y47,0.143
57/2,L37,0.214
L57,L37,0.214
6,L37,0.179
L3,L37,0.179
M17,L37,0.179
27,L37,0.036
57/6,77/6,0.245
6,77/6,0.204
Y27,77/6,0.102
5/5,77/6,0.041
543,M543,1
C5,C26,1
47/3,46/3,1
Y37,C77,0.667
L265,C77,0.333
6,M46,0.4
L46,M46,0.4
M5,M46,0.2
